{
	"available-error-code-list": {
		"version": "1.0",
		"errorMapper": [
			{
		
				"internalCode": "BETTTECH1001",
				"responseCode": "BE-TT-TECH-1001",
				"responseMsg": "ACTIVITY TIMEOUT EXCEPTION"
			},			
			{
				"internalCode": "BETTTECH1002",
				"responseCode": "BE-TT-TECH-1002",
				"responseMsg": "JMS INVALID INPUT EXCEPTION"
			},
		    {
				"internalCode": "BETTTECH1003",
				"responseCode": "BE-TT-TECH-1003",
				"responseMsg": "RECEIVE EXCEPTION"
			},
			{
				"internalCode": "BETTTECH1004",
				"responseCode": "BE-TT-TECH-1004",
				"responseMsg": "SESSION CREATE EXCEPTION"
			},
			{
				"internalCode": "BETTTECH1005",
				"responseCode": "BE-TT-TECH-1005",
				"responseMsg": "CACHESERVICE RESPONSE VALIDATION EXCEPTION"
			},
			{
				"internalCode": "BETTFUNC1001",
				"responseCode": "BE-TT-FUNC-1001",
				"responseMsg": "INVALID CARRIER CODE"
			},
			{
				"internalCode": "BETTFUNC1002",
				"responseCode": "BE-TT-FUNC-1002",
				"responseMsg": "INVALID INPUT DATE FORMAT"
			},
			{
				"internalCode": "BETTFUNC1003",
				"responseCode": "BE-TT-FUNC-1003",
				"responseMsg": "DEPARTURE STATION INVALID"
			},
			{
				"internalCode": "BETTFUNC1004",
				"responseCode": "BE-TT-FUNC-1004",
				"responseMsg": "FLIGHTNUMBER TAILNUMBER DATE AND ORIGIN ARE MANDATORY"
			},
			{
				"internalCode": "BETTFUNC1005",
				"responseCode": "BE-TT-FUNC-1005",
				"responseMsg": "UNKNOWN ERROR"
			},
			{
				"internalCode": "BETTFUNC1007",
				"responseCode": "BE-TT-FUNC-1007",
				"responseMsg": "FLIGHTNUMBER LENGTH INVALID"
			},
			{
				"internalCode": "BETTFUNC1008",
				"responseCode": "BE-TT-FUNC-1008",
				"responseMsg": "FLIGHTNUMBER IS NOT A NUMBER"
			},
			{
				"internalCode": "BETTFUNC1009",
				"responseCode": "BE-TT-FUNC-1009",
				"responseMsg": "SFL KEY PROVIDED NOT PRESENT IN TAIL "
			},
			{
				"internalCode": "BETTFUNC1010",
				"responseCode": "BE-TT-FUNC-1010",
				"responseMsg": "FLIGHT NOT PRESENT IN TAIL"
			},
			{
				"internalCode": "BETTFUNC1012",
				"responseCode": "BE-TT-FUNC-1012",
				"responseMsg": "NO FLIGHT FOUND FOR GIVEN PARAMETERS"
			},
			{
				"internalCode": "BETTFUNC1011",
				"responseCode": "BE-TT-FUNC-1008",
				"responseMsg": "TAILNUMBER IS NOT A NUMBER"
			}			
		]

	}
}